{
	"list": [
		{
			"label": "Вариант №1",
			"title": "Корпоративным клиентам",
			"items": [
				"Заказчик предоставляет поврежденный дисплей от iPhone.",
				"Мы производим ремонт поврежденного дисплея в нашем цеху.",
				"Проверяем его и отправляем на наш склад в Москве.",
				"Заказчик забирает отремонтированный дисплей."
			]
		},
		{
			"label": "Вариант №2",
			"title": "Ремонтным мастерским",
			"items": [
				"Заказчик привозит поврежденный дисплей от iPhone.",
				"Мы продаем уже готовый отремонтированный дисплей со скидкой, забирая себе поврежденный оригинальный дисплей."
			]
		},
		{
			"label": "Вариант №3",
			"title": "Выездным мастерам",
			"items": [
				"Заказчик сразу приобретает готовый отремонтированный оригинальный дисплей."
			]
		}
	]
}
