{
	"list": [
		{
			"title": "iPhone",
			"desc": "Все модели от iPhone 6 до iPhone Xs Max",
			"links": [
				"Восстановление дисплеев",
				"Продажа оригинальных дисплеев",
				"Покупка битых дисплеев"
			]
		},
		{
			"title": "iPad",
			"desc": "Все модели от iPad Air до iPad Pro",
			"links": [
				"Восстановление дисплеев",
				"Продажа оригинальных дисплеев",
				"Покупка битых дисплеев"
			]
		},
		{
			"title": "Apple Watch",
			"desc": "Все модели от Apple Watch Original до Apple Watch Series 4",
			"links": [
				"Восстановление дисплеев",
				"Продажа оригинальных дисплеев",
				"Покупка битых дисплеев"
			]
		},
		{
			"title": "Комплектующие",
			"links": [
				"Продажа оригинальных комплектующих",
				"Продажа неоригинальных комплектующих"
			]
		}
	]
}
